{"cameraMode":{"drawMode":0,"name":"Shaded","section":"Shading Mode"},"sceneLighting":false,"audioPlay":false,"sceneViewState":{"showFog":true,"showMaterialUpdate":false,"showSkybox":true,"showFlares":true,"showImageEffects":true,"showParticleSystems":true},"in2DMode":false,"pivot":{"x":-2.260436534881592,"y":5.408778667449951,"z":-0.9111387729644775},"rotation":{"x":0.019034728407859803,"y":0.6444034576416016,"z":-0.016045788303017618,"w":0.7642867565155029},"size":6.1470441818237309,"orthographic":false}