{"cameraMode":{"drawMode":0,"name":"Shaded","section":"Shading Mode"},"sceneLighting":false,"audioPlay":false,"sceneViewState":{"showFog":true,"showMaterialUpdate":false,"showSkybox":true,"showFlares":true,"showImageEffects":true,"showParticleSystems":true},"in2DMode":false,"pivot":{"x":-2.502903938293457,"y":4.197587966918945,"z":-1.7889461517333985},"rotation":{"x":0.024468734860420228,"y":-0.2810661792755127,"z":0.007168733049184084,"w":0.9593504667282105},"size":5.301285266876221,"orthographic":false}