{"cameraMode":{"drawMode":0,"name":"Shaded","section":"Shading Mode"},"sceneLighting":false,"audioPlay":false,"sceneViewState":{"showFog":true,"showMaterialUpdate":false,"showSkybox":true,"showFlares":true,"showImageEffects":true,"showParticleSystems":true},"in2DMode":false,"pivot":{"x":1.8159523010253907,"y":3.946653366088867,"z":0.6409271359443665},"rotation":{"x":0.0662335753440857,"y":0.6810129284858704,"z":-0.06207235902547836,"w":0.7266349792480469},"size":18.895362854003908,"orthographic":false}